{
  "posts": [
    {
      "id": 1,
      "image": "../assets/markers.jpg",
      "product": "markers",
      "cost": "80",
      "brand": "fabric castell",
      "noOfItems": "13",
      "madeIn": "India",
      "inStock": "yes",
      "description": "contains 12 color markers used to decorate our works"
    },
    {
      "id": 3,
      "image": "../assets/canvas board.jpg",
      "product": "Canvas Board for Painting",
      "cost": "500",
      "brand": "Variety Canvas",
      "noOfItems": "1",
      "madeIn": "ukraine",
      "inStock": "yes",
      "description": "The canvas boards are wrapped in 100% cotton canvases, so brushes just glide right over them & make painting effortless."
    },
    {
      "id": 4,
      "image": "../assets/brush.jpg",
      "product": "brush",
      "cost": "100",
      "brand": "castle",
      "noOfItems": "4",
      "madeIn": "india",
      "inStock": "yes",
      "description": "used to paint your drawings"
    },
    {
      "id": 5,
      "image": "../assets/acrylic.jpg",
      "product": "Acrylic paint",
      "cost": "200",
      "brand": "camel",
      "noOfItems": "12",
      "madeIn": "Korea",
      "inStock": "yes",
      "description": "used to paint"
    }
  ],
  "comments": [
    {
      "id": 1,
      "body": "some comment",
      "postId": 1
    }
  ],
  "profile": {
    "name": "typicode"
  }
}